<posts>
    <post>
        <title>Presentamos PinFlex, un modelo de trabajo inspirador para nuestros empleados</title>
        <link>
            https://newsroom.pinterest.com/es/post/presentamos-pinflex-un-modelo-de-trabajo-inspirador-para-nuestros-empleados
        </link>
        <description>Hoy presentamos PinFlex, un modelo de trabajo único de Pinterest que proporciona a los empleados la
            flexibilidad de vivir y trabajar al mismo tiempo, y da prioridad a la colaboración intencional en persona en
            nuestras oficinas de clase mundial. Para las tareas que pueden hacerse desde cualquier lugar, nuestros
            empleados podrán elegir trabajar desde una oficina de Pinterest, desde su hogar o desde una ubicación
            virtual.
            Para las actividades y los proyectos que se realizan mejor en persona, los equipos planearán visitas a la
            oficina de Pinterest y la empresa cubrirá los gastos de viaje para aquellos empleados que viven muy lejos
            para
            transportarse.
        </description>
        <pubDate>2022-04-04T01:00:00</pubDate>
        <guid isPermaLink="true">
            https://newsroom.pinterest.com/es/post/presentamos-pinflex-un-modelo-de-trabajo-inspirador-para-nuestros-empleados
        </guid>
    </post>
    <post>
        <title>Pinterest abre sus puertas en la Ciudad de México</title>
        <link>https://newsroom.pinterest.com/es/post/pinterest-abre-sus-puertas-en-la-ciudad-de-mexico</link>
        <description>
            Nos complace anunciar la apertura de nuestra oficina en la Ciudad de México como parte de nuestra inversión
            para
            escalar los recursos globales y contratar talento local para hacer crecer nuestro negocio y ayudar a
            usuarios de Pinterest,
            creadores y anunciantes de todo el mundo. Esta oficina será el hogar del primer centro de ingeniería en
            Latinoamérica.
        </description>
        <pubDate>2021-06-22T01:00:00</pubDate>
        <guid isPermaLink="true">
            https://newsroom.pinterest.com/es/post/pinterest-abre-sus-puertas-en-la-ciudad-de-mexico
        </guid>
    </post>
    <post>
        <title>La generación Z y los millennials revelan qué les inspira en sus compras post pandémicas</title>
        <link>
            https://newsroom.pinterest.com/es/post/la-generacion-z-y-los-millennials-revelan-que-les-inspira-en-sus-compras-post-pandemicas
        </link>
        <description>
            La generación Z y los millennials, los segmentos de público responsables de la mayor parte del crecimiento
            de
            usuarios nuevos en Pinterest, recurren a la plataforma para comprar productos que reflejen su deseo de
            novedad.
            Ambas generaciones buscan colores de temporada, nuevos looks y casas renovadas, pero sus gustos son
            distintos.
        </description>
        <pubDate>2022-06-16T01:00:00</pubDate>
        <guid isPermaLink="true">
            https://newsroom.pinterest.com/es/post/la-generacion-z-y-los-millennials-revelan-que-les-inspira-en-sus-compras-post-pandemicas
        </guid>
    </post>
    <post>
        <title>Pinterest inspira a los usuarios y los creadores a lucir sus colores en la plataforma</title>
        <link>
            https://newsroom.pinterest.com/es/post/pinterest-inspira-a-los-usuarios-y-los-creadores-a-lucir-sus-colores-en-la-plataforma
        </link>
        <description>
            El Mes del Orgullo acaba de comenzar, y la gente viene a Pinterest a celebrar la diversidad y a encontrar su
            voz dentro
            de la comunidad LGBTQ+. Nuestra plataforma siempre ha sido un lugar positivo donde las personas pueden
            explorar sus
            sueños y descubrir ideas para expresar su identidad y ser ellos mismos.
        </description>
        <pubDate>2021-06-08T01:00:00</pubDate>
        <guid isPermaLink="true">
            https://newsroom.pinterest.com/es/post/pinterest-inspira-a-los-usuarios-y-los-creadores-a-lucir-sus-colores-en-la-plataforma
        </guid>
    </post>
</posts>